"step","task","turn_id","started_at_utc","ended_at_utc","assistant_turn_wall_seconds","status","technical_retry_count","human_active_seconds","skills_applied","skill_evidence","delivery_checkpoint_utc"
"S01","Requirements and interview practice specification","01a0f5ed-6a81-7821-ae2f-ab3c6cd8f1f1","2026-10-01T05:26:12.690Z","2026-10-01T05:33:03.094Z","410.404","completed assistant turn","not audited","not measured","None observed","No skill application identified in this audit","not separately recorded"
"S02","NestJS service boundaries and RTK choice","01a0f5f8-5740-7763-a361-8a0fb7ea5abc","2026-10-01T05:38:08.401Z","2026-10-01T05:39:25.075Z","76.674","completed assistant turn","not audited","not measured","None observed","No skill application identified in this audit","not separately recorded"
"S03","Initial system context diagram","01a0f60f-cd66-7983-96b1-5739d14fbdd3","2026-10-01T06:03:46.030Z","2026-10-01T06:04:37.999Z","51.969","completed assistant turn","not audited","not measured","None observed","No skill application identified in this audit","not separately recorded"
"S04","System context layout correction","01a0f614-fada-75c3-9d87-1c5a1afc325c","2026-10-01T06:09:25.293Z","2026-10-01T06:09:58.083Z","32.790","completed assistant turn","not audited","not measured","None observed","No skill application identified in this audit","not separately recorded"
"S05","Separate diagram files and container view","01a0f616-e721-7041-b005-9b2378335742","2026-10-01T06:11:31.308Z","2026-10-01T06:13:09.312Z","98.004","completed assistant turn","not audited","not measured","None observed","No skill application identified in this audit","not separately recorded"
"S06","Architecture and folder structure proposal","01a0f61a-d839-78d3-ac0a-5530b4149eaa","2026-10-01T06:15:49.650Z","2026-10-01T06:18:44.087Z","174.437","completed assistant turn","not audited","not measured","None observed","No skill application identified in this audit","not separately recorded"
"S07","SOLID explanation","01a0f61e-9cf3-7680-8482-f6c2e9415a8a","2026-10-01T06:19:56.609Z","2026-10-01T06:20:27.122Z","30.513","completed assistant turn","not audited","not measured","None observed","No skill application identified in this audit","not separately recorded"
"S08","Engineering principles and ADR documentation","01a0f623-f5a7-77a0-b216-744026f7661d","2026-10-01T06:25:47.015Z","2026-10-01T06:31:12.313Z","325.298","completed assistant turn","not audited","not measured","tdd (methodology guidance only)","Skill-file read and task behavior observed in transcript","not separately recorded"
"S09","Integration testing explanation","01a0f62d-1c66-7bd3-bf12-07cd2409f7b5","2026-10-01T06:35:46.768Z","2026-10-01T06:36:36.710Z","49.942","completed assistant turn","not audited","not measured","None observed","No skill application identified in this audit","not separately recorded"
"S10","Integration and E2E principle recording","01a0f62e-d9a3-7ce1-8584-a10f80c95865","2026-10-01T06:37:40.724Z","2026-10-01T06:40:13.761Z","153.037","completed assistant turn","not audited","not measured","None observed","No skill application identified in this audit","not separately recorded"
"S11","Move project documents into AEKI","01a0f63a-2766-7742-be01-4953b11afa73","2026-10-01T06:50:01.717Z","2026-10-01T06:52:20.659Z","138.942","completed assistant turn","not audited","not measured","None observed","No skill application identified in this audit","not separately recorded"
"S12","Initialize Git and prepare public repository","01a0f63d-650c-7281-a332-d6cdd1854fbe","2026-10-01T06:53:33.915Z","2026-10-01T06:57:35.703Z","241.788","completed assistant turn","not audited","not measured","browser:control-in-app-browser","Skill-file read and task behavior observed in transcript","not separately recorded"
"S13","Push initial repository after manual GitHub creation","01a0f642-3b8b-7991-8bac-37d36ef1f9ee","2026-10-01T06:58:50.966Z","2026-10-01T07:00:39.870Z","108.904","completed assistant turn","not audited","not measured","browser:control-in-app-browser (reused)","Earlier skill guidance reused; no fresh skill-file read required","not separately recorded"
"S14","Rename request; no completion marker","01a0f644-8fa9-7173-9946-fb1ec4aeff80","2026-10-01T07:01:23.570Z","unknown","unknown","no completion marker; do not infer duration","not audited","not measured","None observed","No skill application identified in this audit","not separately recorded"
"S15","Git ownership troubleshooting; no completion marker","01a0f663-c2fc-71d2-a46f-7c257c14731e","2026-10-01T07:35:28.374Z","unknown","unknown","no completion marker; do not infer duration","not audited","not measured","None observed","No skill application identified in this audit","not separately recorded"
"S16","Preserve manual rename and finish ownership fix","01a0f664-6075-7e43-897c-217944885612","2026-10-01T07:36:08.637Z","2026-10-01T07:36:15.801Z","7.164","completed assistant turn","not audited","not measured","None observed","No skill application identified in this audit","not separately recorded"
"S17","AWS credit discussion","01a0f665-4d5b-7260-b507-a873239fb962","2026-10-01T07:37:09.282Z","2026-10-01T07:37:29.773Z","20.491","completed assistant turn","not audited","not measured","None observed","No skill application identified in this audit","not separately recorded"
"S18","Commit manual rename","01a0f666-67a9-7811-80a9-5ab3ca06cd87","2026-10-01T07:38:21.553Z","2026-10-01T07:38:50.020Z","28.467","completed assistant turn","not audited","not measured","None observed","No skill application identified in this audit","not separately recorded"
"S19","Fix README link casing and push","01a0f667-15e2-7782-95f2-ba81ec1dc72f","2026-10-01T07:39:06.177Z","2026-10-01T07:40:09.559Z","63.382","completed assistant turn","not audited","not measured","None observed","No skill application identified in this audit","not separately recorded"
"S20","Initial reservation component diagram","01a0f66a-7030-7820-bbfb-58c18b1d2b75","2026-10-01T07:42:45.884Z","2026-10-01T07:45:46.028Z","180.144","completed assistant turn","not audited","not measured","None observed","No skill application identified in this audit","not separately recorded"
"S21","English documentation policy and diagram translation","01a0f66d-d97d-7763-870a-4f73a3aa7544","2026-10-01T07:46:29.447Z","2026-10-01T07:51:25.819Z","296.372","completed assistant turn","not audited","not measured","writing-for-agents","Skill-file read and task behavior observed in transcript","not separately recorded"
"S22","Commit and push English diagrams","01a0f673-5bf2-7ab1-98e1-f73846bf3f99","2026-10-01T07:52:30.525Z","2026-10-01T07:53:15.929Z","45.404","completed assistant turn","not audited","not measured","None observed","No skill application identified in this audit","not separately recorded"
"S23","Diagnose component diagram readability","01a0f677-20db-7cc2-a879-52c586cd89e2","2026-10-01T07:56:37.540Z","2026-10-01T07:57:00.182Z","22.642","completed assistant turn","not audited","not measured","None observed","No skill application identified in this audit","not separately recorded"
"S24","Redraw reservation slice using Mermaid flowchart","01a0f678-4657-7a22-b9a4-d7f6aee20319","2026-10-01T07:57:52.685Z","2026-10-01T08:03:19.070Z","326.385","completed assistant turn","not audited","not measured","browser:control-in-app-browser","Skill-file read and task behavior observed in transcript","not separately recorded"
"S25","Reference-image-guided backend data-flow diagram","01a0f681-fb33-7da2-89a5-7636dac2e9c6","2026-10-01T08:08:28.809Z","2026-10-01T08:15:26.918Z","418.109","completed assistant turn","not audited","not measured","browser:control-in-app-browser (reused)","Earlier skill guidance reused; no fresh skill-file read required","not separately recorded"
"S26","Dark arrow styling and SVG compatibility fix","01a0f68e-3a09-7e83-b18f-6bffd0320786","2026-10-01T08:21:51.320Z","2026-10-01T08:25:44.049Z","232.729","completed assistant turn","not audited","not measured","browser:control-in-app-browser (reused)","Earlier skill guidance reused; no fresh skill-file read required","not separately recorded"
"S27","Commit and push backend data-flow diagrams","01a0f6af-b50a-7361-b3c4-777dafde3037","2026-10-01T08:58:25.526Z","2026-10-01T08:59:14.423Z","48.897","completed assistant turn","not audited","not measured","None observed","No skill application identified in this audit","not separately recorded"
"S28","UI versus database implementation recommendation","01a0f6b9-48d2-7ba2-be05-403e9b3b3d16","2026-10-01T09:08:53.149Z","2026-10-01T09:09:53.725Z","60.576","completed assistant turn","not audited","not measured","None observed","No skill application identified in this audit","not separately recorded"
"S29","Establish AI-assisted engineering measurement log","01a0f6bb-b901-7b63-8b95-26bba138dd59","2026-10-01T09:11:32.939Z","2026-10-01T09:21:30.243Z","597.304","completed assistant turn","at least 1; complete turn not audited","not measured","writing-for-agents (existing guidance reused)","Earlier skill guidance reused; no fresh skill-file read required","2026-10-01T09:20:47Z"
"S30","UI prototype skill intake; interrupted before implementation","01a0f6d3-6d28-7d80-811a-8c57fcac760c","2026-10-01T09:37:26.418Z","unknown","unknown","interrupted; no completion marker","0 observed before interruption","not measured","prototype (intake only)","Read prototype and UI guidance; tdd and writing-for-agents loaded only","not separately recorded"
"S31","Resume UI-only three-variant prototype","01a0f6d5-91df-7e43-8cd1-61148aab31e1","2026-10-01T09:39:46.858Z","2026-10-01T09:57:55.783Z","1088.925","completed assistant turn; visual direction B subsequently selected","3 recorded recoveries; see UI session log","not measured","prototype; browser:control-in-app-browser (reused)","Three distinct UI variants, variant URL switcher, browser inspection and prototype branch capture","2026-10-01T09:57:05Z"
"S32","Select B UI direction and record decision","01a0f704-4683-7821-b4ec-d9f9c188e529","2026-10-01T10:30:47.832Z","2026-10-01T10:34:19.697Z","211.865","completed assistant turn; decision captured","0 observed","not measured","prototype (reused); browser:control-in-app-browser (reused)","Captured user selection and opened B preview","2026-10-01T10:34:11Z"
"S33","Frontend SOLID and theme exploration; interrupted before implementation","01a0f708-0b28-7221-9aaf-a236795141a0","2026-10-01T10:34:54.704Z","unknown","unknown","interrupted; no completion marker","not audited","not measured","codebase-design","Architecture exploration only; no prototype theme implementation","not separately recorded"
"S34","Plan React UI with replaceable theme and interface language","01a0f70f-b670-7023-bbad-c72e8e55cc68","2026-10-01T10:43:17.306Z","2026-10-01T10:53:16.289Z","598.983","completed assistant turn; draft delivered for review","0 observed at checkpoint","not measured","to-tickets; codebase-design (reused)","Seven demoable slices with blockers; draft ADR and responsibility boundaries; publication awaits breakdown approval","2026-10-01T10:51:46Z"
"S35","Commit and push UI planning and engineering documentation","01a0f7e7-228b-77b2-b027-a42375a607e1","2026-10-01T14:38:35.299Z","2026-10-01T14:40:27.546Z","112.247","completed; commit and remote push verified","1 push retry after restricted network failure","not measured","None","Git diff review; commit 6a6a69c; matching local and remote branch SHA; clean worktree","2026-10-01T14:38:48Z"
"S36","Publish React and project-foundation tickets to GitHub","01a0f7f9-3ce9-7d72-a993-9ef5c83ae3ed","2026-10-01T14:58:21.624Z","2026-10-01T15:07:58.596Z","576.972","completed; 10 issues and 11 native blockers verified","1 verification retry; CLI-unavailable fallback recorded separately","not measured","to-tickets (reloaded)","Explicit GitHub destination; English vertical slices; native dependencies; issue readback verification","2026-10-01T15:06:39Z"
"S37","Switch selected UI direction from B to A","01a0f80d-01e8-7f71-9add-ada87cfa50ce","2026-10-01T15:19:57.270Z","2026-10-01T15:24:54.980Z","297.710","completed; A selected; plan and 10 GitHub issues updated and verified","0 observed at checkpoint","not measured","None","Decision history preserved; current grid requirements updated; all native blockers preserved","2026-10-01T15:23:39Z"
"S38","Commit and push A direction and GitHub ticket evidence","01a0f81c-6ca5-7330-ba32-493abf8cf7ef","2026-10-01T15:36:47.630Z","2026-10-01T15:38:20.230Z","92.600","completed; commit dc7a2a2 and remote SHA verified; worktree clean","0 observed","not measured","None","Reviewed documentation-only diff and whitespace; explicit commit/push authorization","2026-10-01T15:36:59Z"
"S39","Prepare Mikado plan for GitHub issue 1","01a0f823-573b-7f12-8fe5-da05f0b7d575","2026-10-01T15:44:20.880Z","2026-10-01T15:50:44.076Z","383.196","completed; proposed plan and separate Mermaid graph delivered; no implementation experiments","0 observed at checkpoint","not measured","None","Live issue and comments read; primary-source method verification; goal/prerequisite/undo plan with explicit hypotheses","2026-10-01T15:49:21Z"
"S40","Commit and push issue 1 Mikado plan","01a0f8bb-030e-7ac1-84bd-2c88e1d761ed","2026-10-01T18:30:00.815Z","2026-10-01T18:31:41.115Z","100.300","completed; commit 83305cc and matching remote SHA verified; worktree clean","0 observed","not measured","None","Documentation-only diff and staged whitespace checks; explicit commit/push authorization","2026-10-01T18:30:15Z"
"S41","Implement issue 1 foundation health journey","01a0f8bd-0182-78d1-9fb9-19ff89bf09b9","2026-10-01T18:32:11.471Z","2026-10-01T19:13:09.715Z","2458.244","completed; implementation verified locally; uncommitted","6 repeat-operation retries; 3 process-control recoveries separately; see session","not measured","tdd; codebase-design; browser:control-in-app-browser","13 tests and full checks passed; real browser outage/recovery; clean candidate install/start/build; completion reconciled from task-complete event","2026-10-01T19:10:17Z"
"S42","Apply Clean Code and self-explanatory names throughout AEKI","01a0fa91-7724-79c2-9b76-2031e694fb53","2026-10-02T03:03:52.522Z","2026-10-02T03:13:24.819Z","572.297","completed; refactoring verified; uncommitted at delivery","2 observed retries; diagnostic recovery and self-revisions listed separately","not measured","writing-for-agents; codebase-design; vercel:react-best-practices","13 tests and full clean checks passed; 15 final prototype output comparisons; persistent AGENTS convention","2026-10-02T03:12:10Z"
"S43","Commit and push foundation implementation and Clean Code refactoring","01a0fadb-2754-7a71-a6d1-baaba4e70e55","2026-10-02T04:24:21.900Z","2026-10-02T04:25:54.976Z","93.076","completed; commit 6c0c375 and matching remote SHA verified; worktree clean at delivery","0 observed at checkpoint","not measured","None","Prior 13 tests/full clean checks and prototype parity preserved; staged whitespace and remote SHA verification planned","2026-10-02T04:24:33Z"
"S44","Close accepted issue 1 and prepare issue 2 Mikado plan","01a0fb78-dba9-7c02-9e32-e2024157396f","2026-10-02T07:16:37.026Z","2026-10-02T07:24:14.325Z","457.299","planning delivered; issue 1 closed; implementation awaits approval","1 network retry; 1 missing-tool fallback separately","not measured","None","Live ticket requirements; separate graph; protected local edits; observed interval 374 seconds is not full turn time","2026-10-02T07:23:07Z"
"S45","Implement approved issue 2 PostgreSQL readiness","01a0fc1b-8de9-7aa2-b7ef-38eb71a155f4","2026-10-02T10:14:19.604Z","2026-10-02T10:30:48.752Z","989.148","initial implementation interrupted by approval-review quota; continued in S46","unaudited aggregate; recovery episodes in session evidence","not measured","tdd; codebase-design","Observed first clock 2026-10-02T10:14:37Z; meaningful RED/GREEN; interruption is not active engineering time","2026-10-02T10:14:37Z"
"S46","Continue issue 2 and verify connected PostgreSQL journey","01a10319-80ab-74a0-9858-c1e240cc10be","2026-10-03T18:49:25.528Z","2026-10-03T19:14:14.653Z","1489.125","verified locally; uncommitted; user review pending","two unavailable-engine API attempts and one loading-test failure observed; full aggregate unaudited","not measured","tdd; browser:control-in-app-browser; vercel:react-best-practices","40 tests/full checks; independent install/start; real browser DB outage/recovery; observed checkpoint interval 1374 seconds is not full turn duration","2026-10-03T19:13:01Z"
"S47","Commit and push issue 2 PostgreSQL readiness","01a10334-aa87-74f2-a3ee-e12d439ae9c1","2026-10-03T19:19:05.700Z","2026-10-03T19:20:29.970Z","84.270","completed; commit 3d8f029 and matching remote SHA verified; worktree clean at delivery","0","not measured","None","No skill applied; staged whitespace and matching local/remote SHA verified.","2026-10-03T19:19:24Z"
"S48","Explain package-lock size","01a10339-3483-74a2-a89a-7471a4942f0e","2026-10-03T19:24:03.161Z","2026-10-03T19:24:36.715Z","33.554","completed assistant turn","1","not measured","None","Actual lockfile size/count; one failed PowerShell JSON parse retried with AsHashtable.","not separately recorded"
"S49","Explain missing engineering measurements","01a10342-9f79-7233-b55b-7bc3848a2e83","2026-10-03T19:34:20.400Z","2026-10-03T19:34:46.701Z","26.301","completed assistant turn","0","not measured","None","Read CSV and measurement protocol; no failed operation observed.","not separately recorded"
"S50","Add automated engineering measurement tests and recover timing evidence","01a10343-d142-7c72-a6fa-40414ade3642","2026-10-03T19:35:38.654Z","2026-10-03T19:47:32.073Z","713.419","completed assistant turn; outcome recorded in session evidence","1","not measured","tdd","User approved three public seams; RED/GREEN; one CLI test path correction; expected TDD REDs counted separately.","2026-10-03T19:46:48Z"
"S51","Review issue 2 and uncommitted measurement changes","01a1050f-db6b-76b0-8672-dd718b6ee97b","2026-10-04T03:58:07.807Z","2026-10-04T04:03:10.212Z","302.405","completed assistant turn; outcome recorded in session evidence","0","not measured","code-review","User approved baseline including issue2; parallel Standards/Spec agents; public behavior probes; no source edits.","2026-10-04T04:02:20Z"
"S52","Fix code-review findings in measurement validation and C4 documentation","01a10519-3cda-7d61-95e1-b14104b421ec","2026-10-04T04:08:22.575Z","2026-10-04T04:20:59.011Z","756.436","completed assistant turn; outcome recorded in session evidence","1","not measured","tdd","tdd at approved seams; two RED/GREEN fixes; 41 non-Docker tests and build pass; DB checks blocked by Desktop crash; one elevated log-read retry.","2026-10-04T04:19:58Z"
"S53","Set up Prettier and format entire AEKI project","01a1052c-46a3-7b33-aad7-71797dbe5e92","2026-10-04T04:29:10.279Z","2026-10-04T04:36:30.899Z","440.620","completed assistant turn; outcome recorded in session evidence","0","not measured","None","Exact Prettier version verified and installed; native CLI/API used; generation drift and format checks passed; no custom formatter.","2026-10-04T04:32:56Z"
"S54","Implement CI, Git hooks and file-level complete coverage","01a10553-f768-7823-8bd3-1e1c59482407","2026-10-04T05:12:31.414Z","2026-10-04T06:03:16.561Z","3045.147","completed assistant turn; outcome recorded in session evidence","5","not measured","grilling (accepted design reuse); setup-pre-commit; tdd","Approved design tree and test seams; native staged formatter; RED/GREEN coverage CLI and reconciliation; session evidence records regression extensions.","2026-10-04T06:00:52.995Z"
"S55","Reject empty coverage instrumentation","01a1059b-f0c5-7ca0-b15d-7e087cca18d8","2026-10-04T06:31:08.309Z","2026-10-04T06:35:22.300Z","253.991","completed assistant turn; outcome recorded in session evidence","0","not measured","tdd","Real CLI RED/GREEN at the previously approved coverage boundary; preserves legitimate zero functions and branches.","2026-10-04T06:35:11.885Z"
"S56","Set up repository-grounded NestJS teaching","01a10648-0a95-7d01-a40c-183bd2845265","2026-10-04T09:39:07.238Z","2026-10-04T09:43:48.958Z","281.720","completed assistant turn; outcome recorded in session evidence","0","not measured","teach","Confirmed mission; official sources; local ignored lesson and reference; native formatting and ignore verification.","2026-10-04T09:43:30.122Z"
"S57","Continue NestJS teaching with controller registration","01a10703-d942-7ab2-b970-08f93ee478b6","2026-10-04T13:04:15.288Z","2026-10-04T13:06:52.335Z","157.047","completed assistant turn; outcome recorded in session evidence","0","not measured","teach (reuse)","Existing mission and assets reused; actual AppModule and official sources checked; reported completion distinguished from mastery.","2026-10-04T13:06:40.781Z"
"S58","Prepare NestJS constructor injection lesson","01a10a3d-81d1-7a70-94ed-cde1c5a58641","2026-10-05T04:06:05.664Z","2026-10-05T04:08:47.938Z","162.274","completed assistant turn; outcome recorded in session evidence","0","not measured","teach (reuse)","Current provider and controller inspected; official sources; shared assets reused; ignored lesson and reference formatted and linked.","2026-10-05T04:08:39.804Z"
"S59","Adopt existing Google TypeScript Style","01a10b38-437c-76d1-b292-165af4329c8d","2026-10-05T08:39:59.186Z","2026-10-05T08:54:51.945Z","892.759","completed assistant turn; outcome recorded in session evidence","3","not measured","None","Published gts preset imported directly; native automatic fixes; hook and coverage boundaries reused; three audited recovery retries.","2026-10-05T08:54:40.108Z"
